module,skill,display-name,menu-code,description,action,args,phase,preceded-by,followed-by,required,output-location,outputs
BMad Builder,_meta,,,,,,,,,false,https://bmad-builder-docs.bmad-method.org/llms.txt,
BMad Builder,bmad-bmb-setup,Setup Builder Module,SB,Install or update BMad Builder module config and help entries.,configure,{-H: headless mode}|{inline values: skip prompts with provided values},anytime,,,false,{project-root}/_bmad,config.yaml and config.user.yaml
BMad Builder,bmad-agent-builder,Build an Agent,BA,"Create, edit, or rebuild an agent skill through conversational discovery.",build-process,{-H: headless mode}|{description: initial agent concept}|{path: existing agent to edit or rebuild},anytime,,bmad-agent-builder:quality-analysis,false,bmad_builder_output_folder,agent skill
BMad Builder,bmad-agent-builder,Analyze an Agent,AA,"Run quality analysis on an existing agent — structure, cohesion, prompt craft, and enhancement opportunities.",quality-analysis,{-H: headless mode}|{path: agent to analyze},anytime,bmad-agent-builder:build-process,,false,bmad_builder_reports,quality report
BMad Builder,bmad-workflow-builder,Build a Workflow,BW,"Create, edit, or rebuild a workflow or utility skill.",build-process,{-H: headless mode}|{description: initial skill concept}|{path: existing skill to edit or rebuild},anytime,,bmad-workflow-builder:quality-analysis,false,bmad_builder_output_folder,workflow skill
BMad Builder,bmad-workflow-builder,Analyze a Workflow,AW,"Run quality analysis on an existing workflow/skill — structure, efficiency, and enhancement opportunities.",quality-analysis,{-H: headless mode}|{path: skill to analyze},anytime,bmad-workflow-builder:build-process,,false,bmad_builder_reports,quality report
BMad Builder,bmad-workflow-builder,Convert a Skill,CW,"Convert any skill to BMad-compliant, outcome-driven equivalent with before/after HTML comparison report.",convert-process,{--convert: path or URL to source skill}|{-H: headless mode},anytime,,,false,bmad_builder_reports,converted skill + comparison report
BMad Builder,bmad-module-builder,Ideate Module,IM,"Brainstorm and plan a BMad module — explore ideas, decide architecture, and produce a build plan.",ideate-module,{description: initial module idea},anytime,,bmad-module-builder:create-module,false,bmad_builder_reports,module plan
BMad Builder,bmad-module-builder,Create Module,CM,"Scaffold module infrastructure into built skills, making them an installable BMad module.",create-module,{-H: headless mode}|{path: skills folder or single SKILL.md},anytime,bmad-module-builder:ideate-module,,false,bmad_builder_output_folder,setup skill
BMad Builder,bmad-module-builder,Validate Module,VM,"Check that a module's structure is complete, accurate, and all capabilities are properly registered.",validate-module,{-H: headless mode}|{path: module or skill to validate},anytime,bmad-module-builder:create-module,,false,bmad_builder_reports,validation report
BMad Method,_meta,,,,,,,,,false,https://docs.bmad-method.org/,
BMad Method,bmad-prd,Create Edit and Review PRD,PRD,"Create a new PRD through guided discovery, update an existing one when plans change, or validate a finished PRD against a checklist with an HTML findings report.",,,2-planning,bmad-product-brief,,true,planning_artifacts,prd
BMad Method,bmad-ux,Create UX,CU,Capture UX decisions into design and experience documents. Strongly recommended when a UI is a major part of the project.,,,2-planning,bmad-prd,,false,planning_artifacts,ux design
BMad Method,bmad-project-context,Project Context,PC,"Set up or refresh a repo's agent instructions so AI agents work well in it: verified commands, policy, conventions that differ from defaults, and known pitfalls. Setup, refresh, record, and audit — replaces document-project and generate-project-context.",,,anytime,,,false,repo root,AGENTS.md managed block
BMad Method,bmad-spec,Spec,SPC,"Condense any input (brief, PRD, transcript, brain dump, design folder, or several sources at once) into a short SPEC.md plus supporting files that later work builds from. Pins down what to build before deciding how. Works for software, game design, research, editorial, policy, business — anything with an intent behind it. Can also validate an existing spec.",,[path],anytime,,,false,{output_folder}/specs/spec-{slug},SPEC.md + companion files
BMad Method,bmad-correct-course,Correct Course,CC,"Assess a significant mid-sprint change. May recommend starting over, updating the PRD, redoing architecture or sprint planning, or correcting epics and stories.",,,anytime,,,false,planning_artifacts,change proposal
BMad Method,bmad-sprint-planning,Sprint Status,SS,"Summarize sprint progress at any time: risks, open action items, and the recommended next action. Can also validate or repair the tracking file.",status,,anytime,,,false,,status summary
BMad Method,bmad-brainstorming,Brainstorm Project,BP,Guided idea-generation session using one or more brainstorming techniques.,,,plan,,,false,{output_folder}/brainstorming,brainstorming session
BMad Method,bmad-product-brief,Create Brief,CB,A guided conversation that captures your product idea in a brief. A gentler alternative to the PRFAQ when you are already committed to your concept.,,-A,plan,,,false,planning_artifacts,product brief
BMad Method,bmad-prfaq,PRFAQ Challenge,WB,"Amazon's Working Backwards method: write the press release for the finished product first, then answer hard customer and stakeholder questions to test whether the concept holds up. An alternative to the product brief.",,-H,plan,,,false,planning_artifacts,prfaq document
BMad Method,bmad-architecture,Architecture,CA,"Offer once requirements exist (a PRD or spec, plus UX if present) and the user is ready to decide how to build. Also offer any time separately built parts risk becoming inconsistent. Records the architecture decisions that keep features, epics, and stories consistent. Comes before epics and stories; scales from a few key decisions to a full architecture, and can document the conventions of an existing codebase.",,,plan,,,true,planning_artifacts,architecture
BMad Method,bmad-create-epics-and-stories,Create Epics and Stories,CE,Break the PRD and architecture into epics and user stories with acceptance criteria.,,,plan,bmad-architecture,,true,planning_artifacts,epics and stories
BMad Method,bmad-sprint-planning,Sprint Planning,SP,"Checks the planning is complete enough to implement (PASS/CONCERNS/FAIL), then generates the sprint status file that implementation agents follow for every story.",,,plan,,,true,implementation_artifacts,sprint status
BMad Method,bmad-build,Build,BD,"The standard implementation flow: clarify intent, plan, implement, review, and present.",,,ship,bmad-sprint-planning,bmad-code-review,true,implementation_artifacts,spec and project implementation
BMad Method,bmad-code-review,Code Review,CR,Ad hoc review of any code change. An optional extra check after Build's built-in review.,,,ship,bmad-build,,false,,
BMad Method,bmad-walkthrough,Walkthrough,WT,"Guided walkthrough of a change, from purpose and context into details. Use for human review of commits, branches, or PRs.",,,ship,,,false,,
BMad Method,bmad-qa-generate-e2e-tests,QA Automation Test,QA,Generate automated API and end-to-end tests for implemented code. Not for code review or story validation — use Code Review for that.,,,ship,bmad-build,,false,implementation_artifacts,test suite
BMad Method,bmad-retrospective,Retrospective,ER,"Optional at the end of an epic: review the completed work and lessons learned, and look ahead to the next epic. If major issues surfaced, consider Correct Course.",,,ship,bmad-code-review,,false,implementation_artifacts,retrospective
Core,_meta,,,,,,,,,false,https://docs.bmad-method.org/,
Core,bmad-brainstorming,Brainstorming,BSP,Use early in ideation or when stuck generating ideas.,,,anytime,,,false,{output_folder}/brainstorming,brainstorming session
Core,bmad-party-mode,Party Mode,PM,Orchestrate multi-agent discussions when you need multiple perspectives or want agents to collaborate.,,,anytime,,,false,,
Core,bmad-help,BMad Help,BH,,,,anytime,,,false,,
Core,bmad-customize,BMad Customize,BC,"Use when you want to change how an agent or workflow behaves — add persistent facts, swap templates, insert activation hooks, or customize menus. Scans what's customizable, picks the right scope (agent vs workflow), writes the override to _bmad/custom/, and verifies the merge. No TOML hand-authoring required.",,,anytime,,,false,{project-root}/_bmad/custom,TOML override files
Core,bmad-advanced-elicitation,Advanced Elicitation,AE,"Use at any checkpoint to push a just-produced draft, section, or plan past its first version — pick from a menu of elicitation methods (pre-mortem, first principles, red team, socratic) and apply the improvements.",,,anytime,,,false,,
Core,bmad-review,Review,RV,"Review anything before it ships: a diff, branch, or uncommitted changes; a PRD, spec, story, or architecture document; any prose. Applies whichever installed review methods (lenses) fit the content — shipped ones cover adversarial critique, edge cases, verification gaps, document structure, and prose editing — or exactly the ones you name. Code Review in other modules calls it automatically.",,[path],anytime,,,false,,findings JSON array + markdown report
Core,bmad-forge-idea,Forge Idea,FI,"Test an idea — software, business, creative, research, or personal — through probing questions from different personas until you can act on it or drop it with confidence. Can hand the result to bmad-spec or bmad-build.",,,anytime,,,false,{output_folder}/forge,refined-idea brief (optional)
Core,bmad-deep-recon,Deep Recon,RS,"Research a topic to support a decision: draft a research prompt for your own AI tool and turn the returned report into a summary with cited sources, or run the research directly here with web searches. Types: market, domain, technical, competitive, user-voice, academic-lit, plus choosing between candidates; custom types via overrides.",,[type],anytime,,,false,{planning_artifacts}/research,research report/summary + optional html briefing
Creative Intelligence Suite,_meta,,,,,,,,,false,https://cis-docs.bmad-method.org/llms.txt,
Creative Intelligence Suite,bmad-cis-innovation-strategy,Innovation Strategy,IS,Identify disruption opportunities and architect business model innovation.,,,anytime,,,false,output_folder,innovation strategy
Creative Intelligence Suite,bmad-cis-problem-solving,Problem Solving,PS,Apply systematic problem-solving methodologies to crack complex challenges.,,,anytime,,,false,output_folder,problem solution
Creative Intelligence Suite,bmad-cis-design-thinking,Design Thinking,DT,Guide human-centered design processes using empathy-driven methodologies.,,,anytime,,,false,output_folder,design thinking
Creative Intelligence Suite,bmad-brainstorming,Brainstorming,BS,Facilitate brainstorming sessions using one or more techniques.,,,anytime,,,false,output_folder,brainstorming session results
Creative Intelligence Suite,bmad-cis-storytelling,Storytelling,ST,Craft compelling narratives using proven story frameworks and techniques.,,,anytime,,,false,output_folder,narrative/story
Test Architecture Enterprise,_meta,,,,,,,,,false,https://bmad-code-org.github.io/bmad-method-test-architecture-enterprise/llms.txt,
Test Architecture Enterprise,bmad-teach-me-testing,Teach Me Testing,TMT,Teach testing fundamentals through 7 sessions (TEA Academy).,,,0-learning,,,false,test_artifacts,progress file|session notes|completion summary
Test Architecture Enterprise,bmad-testarch-test-design,Test Design,TD,Risk-based test planning.,,,3-solutioning,,bmad-testarch-framework,false,test_artifacts,test design document
Test Architecture Enterprise,bmad-testarch-framework,Test Framework,TF,Initialize production-ready test framework.,,,3-solutioning,bmad-testarch-test-design,bmad-testarch-ci,false,test_artifacts,framework scaffold
Test Architecture Enterprise,bmad-testarch-ci,CI Setup,CI,Configure CI/CD quality pipeline.,,,3-solutioning,bmad-testarch-framework,,false,test_artifacts,ci config
Test Architecture Enterprise,bmad-testarch-atdd,ATDD,AT,Generate red-phase acceptance test scaffolds before implementation.,,,4-implementation,bmad-create-story:create,bmad-dev-story,false,test_artifacts,atdd-checklist|red-phase acceptance tests
Test Architecture Enterprise,bmad-testarch-automate,Test Automation,TA,Expand test coverage.,,,4-implementation,bmad-testarch-atdd,,false,test_artifacts,test suite
Test Architecture Enterprise,bmad-testarch-test-review,Test Review,RV,Quality audit (0-100 scoring).,,,4-implementation,bmad-testarch-automate,,false,test_artifacts,review report
Test Architecture Enterprise,bmad-testarch-nfr,NFR Evidence Audit,NR,Audit non-functional requirement evidence.,,,4-implementation,bmad-testarch-automate,,false,test_artifacts,nfr report
Test Architecture Enterprise,bmad-testarch-trace,Traceability,TR,Coverage traceability and gate.,,,4-implementation,bmad-testarch-test-review,,false,test_artifacts,traceability matrix|gate decision
Web Design Studio,bmad-wds-idun,Wake Idun,IDUN,Setup and governance agent. Interviews org to configure Agent Space and authority model.,,,0-wds-agents,,,false,,
Web Design Studio,bmad-wds-saga,Wake Saga,SAGA,Strategic Analyst agent for Phases 1-2. Scans repos and offers next steps.,,,0-wds-agents,,,false,,
Web Design Studio,bmad-wds-freya,Wake Freya,FREYA,UX Designer agent for Phases 3-4. Checks prerequisites and offers next steps.,,,0-wds-agents,,,false,,
Web Design Studio,bmad-wds-alignment,Alignment & Signoff,AS,Stakeholder buy-in pitch and service agreement. Skip if building your own product.,,,0-wds-pitch,,,false,design_artifacts/A-Product-Brief,pitch service-agreement signoff
Web Design Studio,bmad-wds-project-brief,Project Brief,PB,Define product vision positioning and success criteria. Every design decision traces back to this.,,,1-wds-strategy,,,true,design_artifacts/A-Product-Brief,project-brief.md
Web Design Studio,bmad-wds-trigger-mapping,Trigger Mapping,TM,Map business goals to user psychology. Create personas and score features against driving forces.,,,1-wds-strategy,bmad-wds-project-brief,,true,design_artifacts/B-Trigger-Map,trigger-map.md personas/ feature-impact-analysis.md
Web Design Studio,bmad-wds-platform-requirements,Platform Requirements,PR,Technical boundaries: platforms devices integrations constraints. Skip for simple landing pages.,,,1-wds-strategy,bmad-wds-project-brief,,false,design_artifacts/A-Product-Brief,platform-requirements.md
Web Design Studio,bmad-wds-outline-scenarios,Outline Scenarios,OS,Define user journeys as persona+goal+outcome. Each connects to a Trigger Map driving force.,,,2-wds-design,bmad-wds-trigger-mapping,,true,design_artifacts/C-UX-Scenarios,scenario-overview.md
Web Design Studio,bmad-wds-conceptual-sketching,Conceptual Sketching,CS,Fast rough visual exploration before detailed specification. Skip for straightforward scenarios.,,,2-wds-design,bmad-wds-outline-scenarios,,false,design_artifacts/C-UX-Scenarios,sketches
Web Design Studio,bmad-wds-storyboarding,Storyboarding,SB,Sequence the user journey through screens with entry points transitions and error paths. Skip for simple scenarios.,,,2-wds-design,bmad-wds-outline-scenarios,,false,design_artifacts/C-UX-Scenarios,storyboards
Web Design Studio,bmad-wds-conceptual-specs,Conceptual Specifications,SP,Document every design decision for every element on every page. Developers build directly from this.,,,2-wds-design,bmad-wds-outline-scenarios,,true,design_artifacts/C-UX-Scenarios,page-specs scenario-specs
Web Design Studio,bmad-wds-functional-components,Functional Components,FI,Extract reusable patterns from specs into component definitions. Skip if Design System Mode None.,,,2-wds-design,bmad-wds-conceptual-specs,,false,design_artifacts/C-UX-Scenarios,component-candidates
Web Design Studio,bmad-wds-visual-design,Visual Design,VD,Transform specs into styled HTML prototypes with Figma round-trips.,,,2-wds-design,bmad-wds-conceptual-specs,,false,design_artifacts/C-UX-Scenarios,html-prototypes visual-designs
Web Design Studio,bmad-wds-design-system,Design System,DS,Manage component library and design tokens. Skip if Design System Mode None.,,,2-wds-design,bmad-wds-functional-components,,false,design_artifacts/D-Design-System,components/ design-tokens.md
Web Design Studio,bmad-wds-design-delivery,Design Delivery,DD,Validate specs are complete and package as DD yaml files for development handoff.,,,2-wds-design,bmad-wds-conceptual-specs,,true,design_artifacts/E-Development,delivery-package acceptance-criteria
Web Design Studio,bmad-wds-agentic-development,Agentic Development,AD,Iterative build-verify cycle with design log tracking and browser verification.,,,3-wds-build,bmad-wds-design-delivery,,false,_progress/agent-experiences,experience-documents
Web Design Studio,bmad-wds-usability-testing,Acceptance Testing,AT,Test on real users in their environment with retrospective think-aloud sessions.,,,3-wds-build,bmad-wds-agentic-development,,false,design_artifacts/E-Development,test-results findings
Web Design Studio,bmad-wds-product-evolution,Product Evolution,PE,Continuous improvement: feedback to Trigger Map to spec update to code to verify.,,,3-wds-build,bmad-wds-usability-testing,,false,design_artifacts,updated-artifacts